time,NINO3.4
1873.0,-1.4760403826443471
1873.0849315068492,-1.204805311733764
1873.1616438356164,-0.8265129401730934
1873.2465753424658,-0.3156087851199397
1873.3287671232877,-0.4384005663966895
1873.4136986301369,-0.562103705554543
1873.495890410959,-0.7495263406818642
1873.5808219178082,-0.7980586630647916
1873.6657534246576,-0.913724070166025
1873.7479452054795,-1.1327155079832048
1873.8328767123287,-1.230058380131151
1873.9150684931508,-1.2421035157522673
1874.0,-1.169530266433887
1874.0849315068492,-0.9546190563625416
1874.1616438356164,-0.6548817434113547
1874.2465753424658,-0.4200454505214674
1874.3287671232877,-0.5834697007910689
1874.4136986301369,-0.7481068822267307
1874.495890410959,-0.9975486877837536
1874.5808219178082,-1.062140619888694
1874.6657534246576,-1.216080339966901
1874.7479452054795,-1.5075372369075355
1874.8328767123287,-1.6370913954551158
1874.9150684931508,-1.6531223320357975
1875.0,-1.5565341993760522
1875.0846994535518,-1.2705076997580962
1875.1639344262296,-0.8715856779619389
1875.2486338797814,-0.303654533951935
1875.3306010928961,-0.4217953553569844
1875.4153005464482,-0.5408130153219769
1875.4972677595629,-0.7211366805837099
1875.5819672131147,-0.7678307538465705
1875.6666666666667,-0.8791151253330564
1875.7486338797814,-1.089811868025339
1875.8333333333333,-1.18346770356995
1875.9153005464482,-1.1950566079853573
1876.0,-1.1252322011939695
1876.0849315068492,-0.9184611402728968
1876.1616438356164,-0.6300769178957878
1876.2465753424658,0.0395699131086874
1876.3287671232877,0.0549651123067562
1876.4136986301369,0.0704745743323077
1876.495890410959,0.093972961374262
1876.5808219178082,0.1000577722863709
1876.6657534246576,0.1145594918976848
1876.7479452054795,0.1420158637558992
1876.8328767123287,0.1542203687451393
1876.9150684931508,0.1557305452433277
1877.0,0.1466315679494856
1877.0849315068492,0.1196867606134848
1877.1616438356164,0.0821067565448319
1877.2465753424658,0.7052775976679364
1877.3287671232877,0.9796751955653512
1877.4136986301369,1.2561093663571363
1877.495890410959,1.6749347986116836
1877.5808219178082,1.7833879258795735
1877.6657534246576,2.041860516947153
1877.7479452054795,2.53123141679347
1877.8328767123287,2.7487594142872998
1877.9150684931508,2.775676169190737
1878.0,2.613499799750412
1878.0849315068492,2.1332468121999346
1878.1616438356164,1.4634365218136307
1878.2465753424658,-0.2040575880419497
1878.3287671232877,-0.2834488974732954
1878.4136986301369,-0.3634294474449205
1878.495890410959,-0.4846079845189548
1878.5808219178082,-0.5159866695063546
1878.6657534246576,-0.590770405275935
1878.7479452054795,-0.7323598245496418
1878.8328767123287,-0.7952970830801265
1878.9150684931508,-0.8030848933007737
1879.0,-0.7561624915474514
1879.0846994535518,-0.617211152934777
1879.1639344262296,-0.423415301834655
1879.2486338797814,-0.3870644552934563
1879.3306010928961,-0.5376570122032279
1879.4153005464482,-0.6893672637351335
1879.4972677595629,-0.9192234768556012
1879.5819672131147,-0.9787438001575504
1879.6666666666667,-1.1205965302040888
1879.7486338797814,-1.389168907111864
1879.8333333333333,-1.5085507734003034
1879.9153005464482,-1.5233229979958618
1880.0,-1.4343187416484984
1880.0849315068492,-1.1707503798517551
1880.1616438356164,-0.8031507906182501
1880.2465753424658,0.010771225748549
1880.3287671232877,0.0149619138996907
1880.4136986301369,0.0191837052454768
1880.495890410959,0.0255801416202663
1880.5808219178082,0.0272364725753416
1880.6657534246576,0.0311839489128959
1880.7479452054795,0.0386577783021247
1880.8328767123287,0.0419799356702069
1880.9150684931508,0.0423910169868997
1881.0,0.0399142074411295
1881.0849315068492,0.0325796297338182
1881.1616438356164,0.0223500720811888
1881.2465753424658,-0.2065047785516204
1881.3287671232877,-0.2868481998885071
1881.4136986301369,-0.3677879283191493
1881.495890410959,-0.4904197167461419
1881.5808219178082,-0.5221747152087911
1881.6657534246576,-0.5978553058819758
1881.7479452054795,-0.7411427570026783
1881.8328767123287,-0.8048347998235117
1881.9150684931508,-0.812716006498787
1882.0,-0.7652308809704582
1882.0849315068492,-0.6246131480794731
1882.1616438356164,-0.4284931718528291
1882.2465753424658,-0.3232300526950911
1882.3287671232877,-0.4489869891426133
1882.4136986301369,-0.5756772907872459
1882.495890410959,-0.767625776015357
1882.5808219178082,-0.8173300487126055
1882.6657534246576,-0.9357885245060564
1882.7479452054795,-1.1600681305332483
1882.8328767123287,-1.259761621897613
1882.9150684931508,-1.2720976214169333
1883.0,-1.1977718855457995
1883.0846994535518,-0.9776710359141012
1883.1639344262296,-0.6706957170139047
1883.2486338797814,-0.1240488230814507
1883.3306010928961,-0.172311661980777
1883.4153005464482,-0.2209327066015124
1883.4972677595629,-0.2945984548395816
1883.5819672131147,-0.3136738980998945
1883.6666666666667,-0.3591357429490238
1883.7486338797814,-0.4452094880629699
1883.8333333333333,-0.4834697307895212
1883.9153005464482,-0.4882040251694703
1884.0,-0.4596793877398736
1884.0849315068492,-0.3752093604995687
1884.1616438356164,-0.2573987587095677
1884.2465753424658,0.1131975310641888
1884.3287671232877,0.1572385309692444
1884.4136986301369,0.2016064022001968
1884.495890410959,0.2688281671263363
1884.5808219178082,0.2862349673472836
1884.6657534246576,0.3277199928937626
1884.7479452054795,0.406264353044197
1884.8328767123287,0.4411777436510429
1884.9150684931508,0.4454979010038412
1885.0,0.4194684841071457
1885.0849315068492,0.3423875550422324
1885.1616438356164,0.2348825507661494
1885.2465753424658,0.0297834756120016
1885.3287671232877,0.0413711315817824
1885.4136986301369,0.0530447908775331
1885.495890410959,0.0707315529248263
1885.5808219178082,0.0753114673892998
1885.6657534246576,0.0862266192924468
1885.7479452054795,0.1068924766924127
1885.8328767123287,0.1160785614762022
1885.9150684931508,0.1172152408714808
1886.0,0.1103666241565301
1886.0849315068492,0.0900858110559911
1886.1616438356164,0.0618000998490106
1886.2465753424658,-0.4625722811422053
1886.3287671232877,-0.6425421585621744
1886.4136986301369,-0.8238477684264696
1886.495890410959,-1.0985439111069757
1886.5808219178082,-1.169675350193084
1886.6657534246576,-1.3392004513138482
1886.7479452054795,-1.6601654361865217
1886.8328767123287,-1.8028360985551173
1886.9150684931508,-1.820490061700692
1887.0,-1.7141230178481337
1887.0846994535518,-1.3991382222000823
1887.1639344262296,-0.9598279775800704
1887.2486338797814,-0.0740816586488234
1887.3306010928961,-0.1029041099059018
1887.4153005464482,-0.1319404807578646
1887.4972677595629,-0.1759334883456878
1887.5819672131147,-0.1873252971600095
1887.6666666666667,-0.2144750015102685
1887.7486338797814,-0.2658780349753291
1887.8333333333333,-0.2887269598670102
1887.9153005464482,-0.2915542690787078
1888.0,-0.2745194242438371
1888.0849315068492,-0.224074127233931
1888.1616438356164,-0.1537179193294936
1888.2465753424658,0.298639934784305
1888.3287671232877,0.4148297599141773
1888.4136986301369,0.531881943352848
1888.495890410959,0.7092277149867237
1888.5808219178082,0.755150674912761
1888.6657534246576,0.8645972786262331
1888.7479452054795,1.0718145418693656
1888.8328767123287,1.1639237300813865
1888.9150684931508,1.1753212534899669
1889.0,1.1066499380343788
1889.0849315068492,0.9032935272306296
1889.1616438356164,0.6196717276722057
1889.2465753424658,-0.4716510882237866
1889.3287671232877,-0.6551531958793358
1889.4136986301369,-0.8400172521137894
1889.495890410959,-1.1201047971483076
1889.5808219178082,-1.1926323177534024
1889.6657534246576,-1.365484651722535
1889.7479452054795,-1.692749147604399
1889.8328767123287,-1.8382199765040448
1889.9150684931508,-1.856220430202897
1890.0,-1.747765743163871
1890.0849315068492,-1.4265988083996175
1890.1616438356164,-0.9786663157062472
1890.2465753424658,-0.1715266527259809
1890.3287671232877,-0.2382613705718657
1890.4136986301369,-0.3054913920155948
1890.495890410959,-0.4073516023904585
1890.5808219178082,-0.4337278859409882
1890.6657534246576,-0.4965895712034021
1890.7479452054795,-0.6156067534727606
1890.8328767123287,-0.6685105312301671
1890.9150684931508,-0.67505680589719
1891.0,-0.6356147905923903
1891.0846994535518,-0.5188151252002529
1891.1639344262296,-0.3559142795597914
1891.2486338797814,-0.0647924401263338
1891.3306010928961,-0.0900007977877221
1891.4153005464482,-0.1153962513213708
1891.4972677595629,-0.1538729048156384
1891.5819672131147,-0.1638362763706879
1891.6666666666667,-0.1875816355546747
1891.7486338797814,-0.232539159843985
1891.8333333333333,-0.2525230212342005
1891.9153005464482,-0.2549958095890878
1892.0,-0.2400969913909578
1892.0849315068492,-0.1959771114397902
1892.1616438356164,-0.134442981787355
1892.2465753424658,-0.5983911824841323
1892.3287671232877,-0.8312032037642239
1892.4136986301369,-1.0657431507100494
1892.495890410959,-1.421094641371214
1892.5808219178082,-1.5131114518930902
1892.6657534246576,-1.7324119371489513
1892.7479452054795,-2.147617570222577
1892.8328767123287,-2.332178707672776
1892.9150684931508,-2.355016167487978
1893.0,-2.217417993660725
1893.0849315068492,-1.8099484326508304
1893.1616438356164,-1.2416494068068085
1893.2465753424658,-0.3550794082679451
1893.3287671232877,-0.4932277586674621
1893.4136986301369,-0.6324014430640021
1893.495890410959,-0.8432635024066704
1893.5808219178082,-0.8978653675196776
1893.6657534246576,-1.0279961061015237
1893.7479452054795,-1.2743750214613103
1893.8328767123287,-1.383891774704601
1893.9150684931508,-1.3974432974457298
1894.0,-1.315793902248256
1894.0849315068492,-1.0740054955241487
1894.1616438356164,-0.736782475328165
1894.2465753424658,-0.3261135144120373
1894.3287671232877,-0.4529922998611093
1894.4136986301369,-0.5808127768457348
1894.495890410959,-0.774473590813597
1894.5808219178082,-0.824621264012427
1894.6657534246576,-0.9441364809014232
1894.7479452054795,-1.1704168342368528
1894.8328767123287,-1.2709996685425091
1894.9150684931508,-1.283445714705258
1895.0,-1.208456935864631
1895.0846994535518,-0.9863926166592082
1895.1639344262296,-0.6766788408218684
1895.2486338797814,0.0788287447864357
1895.3306010928961,0.109498112828451
1895.4153005464482,0.140395108240824
1895.4972677595629,0.1872071482353325
1895.5819672131147,0.1993289339250525
1895.6666666666667,0.2282183669411117
1895.7486338797814,0.2829152606145396
1895.8333333333333,0.3072283240877665
1895.9153005464482,0.3102368047339378
1896.0,0.2921103823446912
1896.0849315068492,0.2384325960181158
1896.1616438356164,0.1635680255131411
1896.2465753424658,0.4157442668346101
1896.3287671232877,0.5774950845782221
1896.4136986301369,0.7404464133087489
1896.495890410959,0.9873339833097142
1896.5808219178082,1.0512645065972814
1896.6657534246576,1.2036279138932937
1896.7479452054795,1.492100348916803
1896.8328767123287,1.6203278980876654
1896.9150684931508,1.6361946809968333
1897.0,1.5405955920227754
1897.0849315068492,1.2574979481099302
1897.1616438356164,0.8626608102003802
1897.2465753424658,-0.2596730879039219
1897.3287671232877,-0.36070234474555
1897.4136986301369,-0.4624814384939101
1897.495890410959,-0.6166869508281316
1897.5808219178082,-0.6566178355515531
1897.6657534246576,-0.7517837334660464
1897.7479452054795,-0.9319630743576384
1897.8328767123287,-1.0120537606371345
1897.9150684931508,-1.0219641234293744
1898.0,-0.9622531120816916
1898.0849315068492,-0.785430855618879
1898.1616438356164,-0.5388163211581859
1898.2465753424658,-0.3534802593956401
1898.3287671232877,-0.4910064397295094
1898.4136986301369,-0.6295533363279541
1898.495890410959,-0.8394657494321807
1898.5808219178082,-0.8938217075480822
1898.6657534246576,-1.0233663844800274
1898.7479452054795,-1.268635698563358
1898.8328767123287,-1.3776592280702964
1898.9150684931508,-1.391149719667955
1899.0,-1.3098680437333112
1899.0849315068492,-1.0691685642996809
1899.1616438356164,-0.7334642742803981
1899.2465753424658,0.3063782572594001
1899.3287671232877,0.4255787793204421
1899.4136986301369,0.5456640050162263
1899.495890410959,0.7276051391942596
1899.5808219178082,0.7747180493966229
1899.6657534246576,0.8870006204898445
1899.7479452054795,1.0995872728153184
1899.8328767123287,1.1940831833584251
1899.9150684931508,1.205776038038146
1900.0,1.1353253196230435
1900.0849315068492,0.9266995616862198
1900.1616438356164,0.6357285877866783
1900.2465753424658,-0.0016083559339568
1900.3287671232877,-0.0022341081289806
1900.4136986301369,-0.002864504642937
1900.495890410959,-0.003819618447042
1900.5808219178082,-0.004066941247843
1900.6657534246576,-0.0046563771337741
1900.7479452054795,-0.0057723669132258
1900.8328767123287,-0.0062684303735254
1900.9150684931508,-0.0063298129023551
1901.0,-0.0059599765046028
1901.0849315068492,-0.0048647797411136
1901.1616438356164,-0.0033373055114907
1901.2465753424658,-0.1164751183842398
1901.3287671232877,-0.1617913070809071
1901.4136986301369,-0.2074438315264403
1901.495890410959,-0.2766119746313443
1901.5808219178082,-0.2945227814958153
1901.6657534246576,-0.3372089886619361
1901.7479452054795,-0.4180275680154784
1901.8328767123287,-0.4539518612919955
1901.9150684931508,-0.4583971069998757
1902.0,-0.4316140191885686
1902.0849315068492,-0.352301243957526
1902.1616438356164,-0.2416834771013343
1902.2465753424658,0.4394221007796224
1902.3287671232877,0.6103850936715856
1902.4136986301369,0.7826169701103878
1902.495890410959,1.0435654986185596
1902.5808219178082,1.1111370494203392
1902.6657534246576,1.272177991790302
1902.7479452054795,1.5770797632090077
1902.8328767123287,1.712610240787182
1902.9150684931508,1.7293806827024627
1903.0,1.6283369501467708
1903.0846994535518,1.3291160796797057
1903.1639344262296,0.9117918290603956
1903.2486338797814,-0.3939041632942405
1903.3306010928961,-0.5471577992627271
1903.4153005464482,-0.7015488803231851
1903.4972677595629,-0.935466818457173
1903.5819672131147,-0.9960389087863708
1903.6666666666667,-1.1403982788494844
1903.7486338797814,-1.4137165232994835
1903.8333333333333,-1.5352079532402674
1903.9153005464482,-1.55024121369529
1904.0,-1.4596641879656762
1904.0849315068492,-1.1914383831816455
1904.1616438356164,-0.8173430441649187
1904.2465753424658,0.1502141489732967
1904.3287671232877,0.2086569547348428
1904.4136986301369,0.2675335217063884
1904.495890410959,0.3567374126034183
1904.5808219178082,0.3798363941532463
1904.6657534246576,0.4348873987910256
1904.7479452054795,0.5391164761015482
1904.8328767123287,0.5854468616539128
1904.9150684931508,0.5911797495895459
1905.0,0.556638477614355
1905.0849315068492,0.4543513866088867
1905.1616438356164,0.3116912722416817
1905.2465753424658,0.3250202971578546
1905.3287671232877,0.4514737519434834
1905.4136986301369,0.5788657414699018
1905.495890410959,0.7718773540586968
1905.5808219178082,0.8218569192240497
1905.6657534246576,0.9409714900451392
1905.7479452054795,1.1664932928280265
1905.8328767123287,1.266738947332546
1905.9150684931508,1.2791432711139452
1906.0,1.2044058741488797
1906.0849315068492,0.9830859722538868
1906.1616438356164,0.6744104374848876
1906.2465753424658,-0.2730654685620527
1906.3287671232877,-0.3793052086160643
1906.4136986301369,-0.4863334576678109
1906.495890410959,-0.6484919655836389
1906.5808219178082,-0.6904822458822762
1906.6657534246576,-0.7905562301172716
1906.7479452054795,-0.9800281409067658
1906.8328767123287,-1.064249424494146
1906.9150684931508,-1.0746709043684264
1907.0,-1.01188035713235
1907.0846994535518,-0.8259386690545993
1907.1639344262296,-0.5666052358124224
1907.2486338797814,-0.0064157066362421
1907.3306010928961,-0.0089118223439017
1907.4153005464482,-0.0114264641670607
1907.4972677595629,-0.015236398176063
1907.5819672131147,-0.0162229649557743
1907.6666666666667,-0.0185742154751191
1907.7486338797814,-0.0230258812307157
1907.8333333333333,-0.0250046706062812
1907.9153005464482,-0.0252495245526295
1908.0,-0.0237742529530489
1908.0849315068492,-0.019405530212541
1908.1616438356164,-0.013312459428407
1908.2465753424658,-0.4081415101221206
1908.3287671232877,-0.5669343745914421
1908.4136986301369,-0.7269057961839882
1908.495890410959,-0.9692785086636548
1908.5808219178082,-1.0320399281202584
1908.6657534246576,-1.1816170506494903
1908.7479452054795,-1.464814161593508
1908.8328767123287,-1.5906968008330624
1908.9150684931508,-1.606273426306779
1909.0,-1.5124225673707183
1909.0849315068492,-1.2345019581983296
1909.1616438356164,-0.8468852462574583
1909.2465753424658,-0.4362864339889529
1909.3287671232877,-0.6060294541524307
1909.4136986301369,-0.7770323032521763
1909.495890410959,-1.0361187323496326
1909.5808219178082,-1.103208100149084
1909.6657534246576,-1.263099872429441
1909.7479452054795,-1.5658258990293097
1909.8328767123287,-1.700389246331352
1909.9150684931508,-1.7170400162554302
1910.0,-1.616717320434163
1910.0849315068492,-1.319631656514365
1910.1616438356164,-0.9052853849072316
1910.2465753424658,-0.4143147580140924
1910.3287671232877,-0.5755094064028005
1910.4136986301369,-0.737900437901789
1910.495890410959,-0.983939101526535
1910.5808219178082,-1.0476498039909898
1910.6657534246576,-1.1994893199142789
1910.7479452054795,-1.486969861787987
1910.8328767123287,-1.6147565091179923
1910.9150684931508,-1.6305687351566722
1911.0,-1.5352983572481027
1911.0846994535518,-1.2531741256257565
1911.1639344262296,-0.8596946087739948
1911.2486338797814,0.2741128757867844
1911.3306010928961,0.3807601235050648
1911.4153005464482,0.488198904733939
1911.4972677595629,0.6509794099811657
1911.5819672131147,0.6931307539367528
1911.6666666666667,0.7935885956204669
1911.7486338797814,0.9837872707617104
1911.8333333333333,1.068331605012985
1911.9153005464482,1.0787930589395327
1912.0,1.015761663700352
1912.0849315068492,0.8291067522754787
1912.1616438356164,0.5687785842796814
1912.2465753424658,-0.2481812302676321
1912.3287671232877,-0.3447394275701457
1912.4136986301369,-0.4420142776745148
1912.495890410959,-0.5893954101364114
1912.5808219178082,-0.627559149691896
1912.6657534246576,-0.7185134715840498
1912.7479452054795,-0.8907189583067691
1912.8328767123287,-0.9672652235138076
1912.9150684931508,-0.9767370022415546
1913.0,-0.9196685074798816
1913.0849315068492,-0.7506715370896481
1913.1616438356164,-0.5149709527188108
1913.2465753424658,0.2545784251743988
1913.3287671232877,0.3536255359508448
1913.4136986301369,0.4534077721898265
1913.495890410959,0.6045878455664813
1913.5808219178082,0.6437353052850268
1913.6657534246576,0.7370340934534153
1913.7479452054795,0.9136784011997546
1913.8328767123287,0.9921977462298984
1913.9150684931508,1.0019136724081588
1914.0,0.9433741627609824
1914.0849315068492,0.770021075040387
1914.1616438356164,0.5282450006889696
1914.2465753424658,0.2203175379904472
1914.3287671232877,0.3060349964765096
1914.4136986301369,0.3923886480410272
1914.495890410959,0.5232230718015732
1914.5808219178082,0.557102109028949
1914.6657534246576,0.6378448479027172
1914.7479452054795,0.7907165571060393
1914.8328767123287,0.8586688542019654
1914.9150684931508,0.86707722161733
1915.0,0.8164158954197206
1915.0846994535518,0.6663924774357349
1915.1639344262296,0.4571543638382895
1915.2486338797814,-0.3634208264071966
1915.3306010928961,-0.5048145161001164
1915.4153005464482,-0.6472576266264186
1915.4972677595629,-0.8630731937358723
1915.5819672131147,-0.9189577493611576
1915.6666666666667,-1.052145479922842
1915.7486338797814,-1.3043122542962955
1915.8333333333333,-1.4164017420062551
1915.9153005464482,-1.430271613023785
1916.0,-1.3467041349121782
1916.0849315068492,-1.0992357080158304
1916.1616438356164,-0.754090746552238
1916.2465753424658,-0.5984419984190638
1916.3287671232877,-0.8312737903122108
1916.4136986301369,-1.065833654608144
1916.495890410959,-1.4212153220479038
1916.5808219178082,-1.513239946722784
1916.6657534246576,-1.7325590551795134
1916.7479452054795,-2.147799947901094
1916.8328767123287,-2.3323767584544832
1916.9150684931508,-2.3552161576479818
1917.0,-2.217606298856023
1917.0849315068492,-1.8101021351525972
1917.1616438356164,-1.2417548488275316
1917.2465753424658,-0.4297366305233647
1917.3287671232877,-0.5969313628302592
1917.4136986301369,-0.765367010737388
1917.495890410959,-1.020563873121357
1917.5808219178082,-1.086646053578999
1917.6657534246576,-1.2441374310668207
1917.7479452054795,-1.542318746156824
1917.8328767123287,-1.6748619447450002
1917.9150684931508,-1.6912627429485363
1918.0,-1.5924461538717751
1918.0849315068492,-1.2998205248270656
1918.1616438356164,-0.8916946773136011
1918.2465753424658,0.4113843932073508
1918.3287671232877,0.5714389443257191
1918.4136986301369,0.7326814167776777
1918.495890410959,0.9769798985068052
1918.5808219178082,1.0402399880092466
1918.6657534246576,1.1910055736292389
1918.7479452054795,1.476452823552239
1918.8328767123287,1.603335661672304
1918.9150684931508,1.6190360510220807
1919.0,1.524439501301255
1919.0846994535518,1.2443106775264057
1919.1639344262296,0.853614162018557
1919.2486338797814,-0.1655629339523811
1919.3306010928961,-0.2299773879597115
1919.4153005464482,-0.2948699246180645
1919.4972677595629,-0.3931886116247445
1919.5819672131147,-0.4186478322297309
1919.6666666666667,-0.4793239130593545
1919.7486338797814,-0.5942030503485278
1919.8333333333333,-0.6452674448521247
1919.9153005464482,-0.6515861155840831
1920.0,-0.613515438688817
1920.0849315068492,-0.5007767186143849
1920.1616438356164,-0.3435396856580855
1920.2465753424658,-0.0913034870670427
1920.3287671232877,-0.1268263189472778
1920.4136986301369,-0.1626128004989857
1920.495890410959,-0.2168329012985096
1920.5808219178082,-0.2308729739388806
1920.6657534246576,-0.2643341939659415
1920.7479452054795,-0.3276869358832346
1920.8328767123287,-0.3558475704639585
1920.9150684931508,-0.3593321467376684
1921.0,-0.3383371965241125
1921.0849315068492,-0.2761648368990321
1921.1616438356164,-0.1894528593913445
1921.2465753424658,-0.1412736763818739
1921.3287671232877,-0.1962380727748735
1921.4136986301369,-0.2516104137005774
1921.495890410959,-0.3355050514609075
1921.5808219178082,-0.357229223694519
1921.6657534246576,-0.4090036927898186
1921.7479452054795,-0.5070292452307253
1921.8328767123287,-0.5506021306074268
1921.9150684931508,-0.5559938074933115
1922.0,-0.523508369122863
1922.0849315068492,-0.4273092194986911
1922.1616438356164,-0.2931399753398309
1922.2465753424658,-0.2434981841754313
1922.3287671232877,-0.3382343803215325
1922.4136986301369,-0.433673706417259
1922.495890410959,-0.5782738363202774
1922.5808219178082,-0.6157174466734192
1922.6657534246576,-0.7049555095187205
1922.7479452054795,-0.8739115714933123
1922.8328767123287,-0.9490134499199172
1922.9150684931508,-0.9583065012865764
1923.0,-0.9023148582718838
1923.0846994535518,-0.7365067696553699
1923.1639344262296,-0.5052537283133789
1923.2486338797814,0.21404905913313
1923.3306010928961,0.2973276828304425
1923.4153005464482,0.381224398628422
1923.4972677595629,0.5083363188305459
1923.5819672131147,0.5412514290346663
1923.6666666666667,0.6196968739384281
1923.7486338797814,0.7682190743111618
1923.8333333333333,0.8342379913342295
1923.9153005464482,0.8424071237170655
1924.0,0.7931872145534787
1924.0849315068492,0.6474322657631523
1924.1616438356164,0.4441473990256432
1924.2465753424658,-0.4618516647390623
1924.3287671232877,-0.6415411767955466
1924.4136986301369,-0.8225643404308384
1924.495890410959,-1.0968325488092567
1924.5808219178082,-1.1678531760636273
1924.6657534246576,-1.3371141831744555
1924.7479452054795,-1.6575791540117817
1924.8328767123287,-1.8000275574518998
1924.9150684931508,-1.81765401844064
1925.0,-1.7114526780676862
1925.0849315068492,-1.3969585802407931
1925.1616438356164,-0.958332713352106
1925.2465753424658,0.2212039755210177
1925.3287671232877,0.3072663142781662
1925.4136986301369,0.3939674058075035
1925.495890410959,0.5253282358839958
1925.5808219178082,0.5593435838670738
1925.6657534246576,0.6404111874552519
1925.7479452054795,0.7938979689838928
1925.8328767123287,0.8621236690371309
1925.9150684931508,0.8705658671339555
1926.0,0.8197007074090671
1926.0849315068492,0.6690736770691226
1926.1616438356164,0.4589937034980668
1926.2465753424658,-0.1549326801037385
1926.3287671232877,-0.2152112929461824
1926.4136986301369,-0.2759372923181216
1926.495890410959,-0.3679432583793825
1926.5808219178082,-0.3917678257962498
1926.6657534246576,-0.4485480941613204
1926.7479452054795,-0.5560512182200914
1926.8328767123287,-0.6038369351643949
1926.9150684931508,-0.6097499047393174
1927.0,-0.5741236213440043
1927.0846994535518,-0.4686234853194717
1927.1639344262296,-0.3214821273722514
1927.2486338797814,-0.0284127921017462
1927.3306010928961,-0.0394671654833158
1927.4153005464482,-0.0506035841792966
1927.4972677595629,-0.0674763729548381
1927.5819672131147,-0.0718455123802727
1927.6666666666667,-0.0822583314153394
1927.7486338797814,-0.1019731127779603
1927.8333333333333,-0.1107364391469503
1927.9153005464482,-0.1118208067259771
1928.0,-0.1052873743810957
1928.0849315068492,-0.085939916959176
1928.1616438356164,-0.0589559597325681
1928.2465753424658,-0.0936410493536552
1928.3287671232877,-0.1300733408261175
1928.4136986301369,-0.1667760319590039
1928.495890410959,-0.2223842819615504
1928.5808219178082,-0.2367838101425551
1928.6657534246576,-0.2711017081401065
1928.7479452054795,-0.3360764141796529
1928.8328767123287,-0.3649580205378801
1928.9150684931508,-0.3685318093306723
1929.0,-0.346999344007836
1929.0849315068492,-0.2832352405425387
1929.1616438356164,-0.1943032530995161
1929.2465753424658,0.0626619519392011
1929.3287671232877,0.0870414149315526
1929.4136986301369,0.1116018217582889
1929.495890410959,0.1488132959262323
1929.5808219178082,0.1584490544856814
1929.6657534246576,0.1814136249365681
1929.7479452054795,0.2248928675894043
1929.8328767123287,0.2442196248399681
1929.9150684931508,0.2466111036104487
1930.0,0.2322021844825106
1930.0849315068492,0.1895330429642589
1930.1616438356164,0.1300222625802628
1930.2465753424658,0.3421301703280381
1930.3287671232877,0.4752404480635974
1930.4136986301369,0.6093386673324487
1930.495890410959,0.8125108890913318
1930.5808219178082,0.8651215023129382
1930.6657534246576,0.9905065590614954
1930.7479452054795,1.2279003879192718
1930.8328767123287,1.333423221878222
1930.9150684931508,1.3464805399757225
1931.0,1.2678087813897858
1931.0846994535518,1.034838051886259
1931.1639344262296,0.7099130727077276
1931.2486338797814,-0.110463684252336
1931.3306010928961,-0.1534410448178288
1931.4153005464482,-0.1967373824015972
1931.4972677595629,-0.262335666621022
1931.5819672131147,-0.2793220731740048
1931.6666666666667,-0.3198051890165914
1931.7486338797814,-0.3964526151388046
1931.8333333333333,-0.4305228083657767
1931.9153005464482,-0.4347386290930796
1932.0,-0.4093378516881507
1932.0849315068492,-0.3341185131561552
1932.1616438356164,-0.2292098748116908
1932.2465753424658,-0.0833163016801512
1932.3287671232877,-0.1157316132146794
1932.4136986301369,-0.1483875104734985
1932.495890410959,-0.1978644627833733
1932.5808219178082,-0.2106763165831897
1932.6657534246576,-0.2412103650835875
1932.7479452054795,-0.2990210394335187
1932.8328767123287,-0.3247181951676615
1932.9150684931508,-0.3278979423752871
1933.0,-0.3087396203665344
1933.0849315068492,-0.2520060690303574
1933.1616438356164,-0.1728796138489892
1933.2465753424658,-0.4738021408967304
1933.3287671232877,-0.6581411441071054
1933.4136986301369,-0.8438483073166576
1933.495890410959,-1.1252132437904148
1933.5808219178082,-1.1980715396676436
1933.6657534246576,-1.3717121989142798
1933.7479452054795,-1.7004692455104382
1933.8328767123287,-1.846603521231586
1933.9150684931508,-1.8646860693536464
1934.0,-1.7557367545054758
1934.0849315068492,-1.4331050780905938
1934.1616438356164,-0.9831297057988004
1934.2465753424658,-0.1191948368617412
1934.3287671232877,-0.1655691680822194
1934.4136986301369,-0.2122876885619398
1934.495890410959,-0.2830709223357049
1934.5808219178082,-0.301399950302262
1934.6657534246576,-0.3450828893710813
1934.7479452054795,-0.4277885995268274
1934.8328767123287,-0.4645517325965183
1934.9150684931508,-0.4691007757253109
1935.0,-0.441692297188367
1935.0846994535518,-0.3605275519976444
1935.1639344262296,-0.2473268370523487
1935.2486338797814,-0.0287608254741791
1935.3306010928961,-0.0399506058525107
1935.4153005464482,-0.0512234365329845
1935.4972677595629,-0.0683029031161442
1935.5819672131147,-0.0727255609118755
1935.6666666666667,-0.0832659284297639
1935.7486338797814,-0.1032221996755276
1935.8333333333333,-0.1120928695966405
1935.9153005464482,-0.1131905197880953
1936.0,-0.1065770582618364
1936.0849315068492,-0.086992610373424
1936.1616438356164,-0.0596781218283336
1936.2465753424658,-0.1559535119114041
1936.3287671232877,-0.2166292928998474
1936.4136986301369,-0.2777554081909694
1936.495890410959,-0.3703675899104597
1936.5808219178082,-0.3943491343847609
1936.6657534246576,-0.4515035207471193
1936.7479452054795,-0.5597149692755189
1936.8328767123287,-0.6078155402569188
1936.9150684931508,-0.6137674696395192
1937.0,-0.5779064491748254
1937.0849315068492,-0.4717111861151522
1937.1616438356164,-0.3236003323952192
1937.2465753424658,-0.130290777876577
1937.3287671232877,-0.1809821320266788
1937.4136986301369,-0.2320497162845954
1937.495890410959,-0.3094222169047429
1937.5808219178082,-0.3294575084858229
1937.6657534246576,-0.3772069266742412
1937.7479452054795,-0.4676117763702574
1937.8328767123287,-0.5077972183821973
1937.9150684931508,-0.5127697355100322
1938.0,-0.4828097801712442
1938.0849315068492,-0.3940893450795817
1938.1616438356164,-0.2703506866382333
1938.2465753424658,-0.4270519226313518
1938.3287671232877,-0.5932021337467884
1938.4136986301369,-0.76058550804931
1938.495890410959,-1.0141880706184725
1938.5808219178082,-1.0798574136803818
1938.6657534246576,-1.2363648900668462
1938.7479452054795,-1.53268336714628
1938.8328767123287,-1.664398524217844
1938.9150684931508,-1.6806968611712916
1939.0,-1.5824976122459462
1939.0846994535518,-1.2917001129902768
1939.1639344262296,-0.8861239636080129
1939.2486338797814,0.1082372711702723
1939.3306010928961,0.1503484162148614
1939.4153005464482,0.1927721092453145
1939.4972677595629,0.2570482496385979
1939.5819672131147,0.2736922924724744
1939.6666666666667,0.3133594646922796
1939.7486338797814,0.3884620497802648
1939.8333333333333,0.4218455528572353
1939.9153005464482,0.4259764030489054
1940.0,0.4010875823426117
1940.0849315068492,0.3273843015128857
1940.1616438356164,0.2245901134188588
1940.2465753424658,0.5074892182269504
1940.3287671232877,0.704934625398208
1940.4136986301369,0.9038454680085662
1940.495890410959,1.2052153001019692
1940.5808219178082,1.283253781621076
1940.6657534246576,1.4692401983280752
1940.7479452054795,1.8213716940784288
1940.8328767123287,1.9778960381886663
1940.9150684931508,1.9972642457544816
1941.0,1.8805686932311956
1941.0849315068492,1.5349980781867905
1941.1616438356164,1.0530296989946923
1941.2465753424658,0.4100310956385414
1941.3287671232877,0.5695591283996705
1941.4136986301369,0.7302711746868036
1941.495890410959,0.9737660076950588
1941.5808219178082,1.0368179956585506
1941.6657534246576,1.1870876200708536
1941.7479452054795,1.471595857538052
1941.8328767123287,1.598061299570208
1941.9150684931508,1.6137100406341305
1942.0,1.51942467744072
1942.0849315068492,1.2402173705304562
1942.1616438356164,0.8508060973733367
1942.2465753424658,-0.4397119546305623
1942.3287671232877,-0.6107877190052751
1942.4136986301369,-0.7831332039142745
1942.495890410959,-1.0442538606238978
1942.5808219178082,-1.111869983317212
1942.6657534246576,-1.2730171523362717
1942.7479452054795,-1.578120044619056
1942.8328767123287,-1.713739921503219
1942.9150684931508,-1.730521425623069
1943.0,-1.6294110420843186
1943.0846994535518,-1.3299927980180817
1943.1639344262296,-0.9123932698446432
1943.2486338797814,-0.1765425034127674
1943.3306010928961,-0.2452287044539462
1943.4153005464482,-0.3144246929580243
1943.4972677595629,-0.4192635401688857
1943.5819672131147,-0.4464111295069373
1943.6666666666667,-0.5111110412034655
1943.7486338797814,-0.6336085713134527
1943.8333333333333,-0.6880593824081331
1943.9153005464482,-0.6947970858459193
1944.0,-0.6542016914224187
1944.0849315068492,-0.533986523701267
1944.1616438356164,-0.3663220666599049
1944.2465753424658,-0.1575528171762909
1944.3287671232877,-0.2188508290769888
1944.4136986301369,-0.2806037934644154
1944.495890410959,-0.3741657142952684
1944.5808219178082,-0.398393189815737
1944.6657534246576,-0.4561336951432947
1944.7479452054795,-0.5654548534642562
1944.8328767123287,-0.6140486964180008
1944.9150684931508,-0.6200616629127583
1945.0,-0.5838328872232511
1945.0849315068492,-0.4765485903788571
1945.1616438356164,-0.3269188579543795
1945.2465753424658,-0.3666895904703723
1945.3287671232877,-0.5093550361498633
1945.4136986301369,-0.653079341607503
1945.495890410959,-0.8708360472505278
1945.5808219178082,-0.927223252734712
1945.6657534246576,-1.0616089313381196
1945.7479452054795,-1.3160438027222694
1945.8328767123287,-1.4291414717544395
1945.9150684931508,-1.443136094389512
1946.0,-1.3588169742435123
1946.0849315068492,-1.1091227093053373
1946.1616438356164,-0.7608733648107233
1946.2465753424658,-0.0265970418971621
1946.3287671232877,-0.0369449735936888
1946.4136986301369,-0.0473697074100861
1946.495890410959,-0.063164222372854
1946.5808219178082,-0.0672541472185606
1946.6657534246576,-0.0770015237928683
1946.7479452054795,-0.0954564107331347
1946.8328767123287,-0.103659707253937
1946.9150684931508,-0.1046747771502013
1947.0,-0.0985588708645109
1947.0846994535518,-0.0804478336312946
1947.1639344262296,-0.0551883153714467
1947.2486338797814,-0.305209857873136
1947.3306010928961,-0.423955798665702
1947.4153005464482,-0.5435830692009033
1947.4972677595629,-0.7248303554818588
1947.5819672131147,-0.7717635966180881
1947.6666666666667,-0.8836179686337152
1947.7486338797814,-1.0953939037877851
1947.8333333333333,-1.1895294461870471
1947.9153005464482,-1.2011777091768951
1948.0,-1.1309956605325997
1948.0849315068492,-0.9231655145615618
1948.1616438356164,-0.63330418307061
1948.2465753424658,-0.2220120723298079
1948.3287671232877,-0.3083888118618198
1948.4136986301369,-0.3954066376416084
1948.495890410959,-0.5272473518039759
1948.5808219178082,-0.5613869638021569
1948.6657534246576,-0.6427507215241004
1948.7479452054795,-0.7967982171088636
1948.8328767123287,-0.8652731575763423
1948.9150684931508,-0.8737461964992648
1949.0,-0.8226952174501283
1949.0849315068492,-0.6715179202252938
1949.1616438356164,-0.4606704877700401
1949.2465753424658,-0.3676969258061955
1949.3287671232877,-0.5107542886504187
1949.4136986301369,-0.6548734200733071
1949.495890410959,-0.8732283265649715
1949.5808219178082,-0.9297704337045304
1949.6657534246576,-1.0645252840712054
1949.7479452054795,-1.319659115129346
1949.8328767123287,-1.4330674754965749
1949.9150684931508,-1.447100542849627
1950.0,-1.3625497891055762
1950.0849315068492,-1.1121695874439126
1950.1616438356164,-0.7629635649319687
1950.2465753424658,-0.4445164868267418
1950.3287671232877,-0.6174615181369303
1950.4136986301369,-0.791690143639201
1950.495890410959,-1.0556639467985336
1950.5808219178082,-1.1240188800587192
1950.6657534246576,-1.2869268307752555
1950.7479452054795,-1.5953634433576207
1950.8328767123287,-1.7324651768482962
1950.9150684931508,-1.749430044818037
1951.0,-1.647214874184089
1951.0846994535518,-1.344525023379417
1951.1639344262296,-0.92236257541931
1951.2486338797814,0.0838874295921452
1951.3306010928961,0.116524946011192
1951.4153005464482,0.1494046973542612
1951.4972677595629,0.1992208110034504
1951.5819672131147,0.2121204892405246
1951.6666666666667,0.2428638466878282
1951.7486338797814,0.3010708095079221
1951.8333333333333,0.3269441175988385
1951.9153005464482,0.3301456617699243
1952.0,0.3108560106908036
1952.0849315068492,0.2537335544937384
1952.1616438356164,0.1740646925297851
1952.2465753424658,-0.0203490392785389
1952.3287671232877,-0.0282661027383941
1952.4136986301369,-0.0362419264679051
1952.495890410959,-0.0483260975800741
1952.5808219178082,-0.0514552441089757
1952.6657534246576,-0.0589128309165696
1952.7479452054795,-0.0730324168720493
1952.8328767123287,-0.0793086487838815
1952.9150684931508,-0.0800852651184879
1953.0,-0.0754060674200154
1953.0849315068492,-0.061549556253895
1953.1616438356164,-0.0422238383333069
1953.2465753424658,0.0728764371135376
1953.3287671232877,0.1012299809569817
1953.4136986301369,0.1297939641748714
1953.495890410959,0.173071257223983
1953.5808219178082,0.1842777346950371
1953.6657534246576,0.2109857452582457
1953.7479452054795,0.2615525117708506
1953.8328767123287,0.2840297115035674
1953.9150684931508,0.2868110237166691
1954.0,0.2700533157901736
1954.0849315068492,0.2204287044860024
1954.1616438356164,0.1512171094108947
1954.2465753424658,-0.321781133506299
1954.3287671232877,-0.4469743487378537
1954.4136986301369,-0.5730967452401388
1954.495890410959,-0.7641847973458107
1954.5808219178082,-0.8136662644163066
1954.6657534246576,-0.9315937352576464
1954.7479452054795,-1.1548679798646428
1954.8328767123287,-1.2541145826695088
1954.9150684931508,-1.266395284526166
1955.0,-1.1924027230737684
1955.0846994535518,-0.9732885030634244
1955.1639344262296,-0.6676892394722298
1955.2486338797814,-0.56547620024187
1955.3306010928961,-0.785482211389246
1955.4153005464482,-1.0071211022787725
1955.4972677595629,-1.342926201971544
1955.5819672131147,-1.4298815547497687
1955.6666666666667,-1.637119242642957
1955.7486338797814,-2.029486160107888
1955.8333333333333,-2.203895365611887
1955.9153005464482,-2.225476632812159
1956.0,-2.0954471558184564
1956.0849315068492,-1.710390781629306
1956.1616438356164,-1.1733514950519917
1956.2465753424658,-0.2760399872860294
1956.3287671232877,-0.3834370032771457
1956.4136986301369,-0.4916311175423713
1956.495890410959,-0.6555560279278625
1956.5808219178082,-0.6980037108985808
1956.6657534246576,-0.7991678071182862
1956.7479452054795,-0.9907036469328556
1956.8328767123287,-1.0758423580745409
1956.9150684931508,-1.08637735976167
1957.0,-1.0229028312831978
1957.0849315068492,-0.8349356691106536
1957.1616438356164,-0.5727773010387667
1957.2465753424658,0.3754801009079859
1957.3287671232877,0.5215656111923207
1957.4136986301369,0.6687353648985553
1957.495890410959,0.8917122694334001
1957.5808219178082,0.9494512240024732
1957.6657534246576,1.0870584794957885
1957.7479452054795,1.3475928215241042
1957.8328767123287,1.463401738068978
1957.9150684931508,1.4777318484831994
1958.0,1.3913913780589358
1958.0849315068492,1.1357112872364326
1958.1616438356164,0.7791134933251194
1958.2465753424658,0.103051605721329
1958.3287671232877,0.1431451988864955
1958.4136986301369,0.1835363658121605
1958.495890410959,0.24473302575638
1958.5808219178082,0.2605796497628862
1958.6657534246576,0.2983463612429344
1958.7479452054795,0.3698507691373686
1958.8328767123287,0.4016348630958423
1958.9150684931508,0.405567803575986
1959.0,0.3818714103598361
1959.0846994535518,0.3116992658266934
1959.1639344262296,0.2138299641769376
1959.2486338797814,-0.0597688203187339
1959.3306010928961,-0.0830226721053953
1959.4153005464482,-0.1064491134650023
1959.4972677595629,-0.1419425164712951
1959.5819672131147,-0.1511333875525728
1959.6666666666667,-0.1730376730479833
1959.7486338797814,-0.2145094587375423
1959.8333333333333,-0.2329438905690551
1959.9153005464482,-0.2352249536464966
1960.0,-0.2214813010520083
1960.0849315068492,-0.1807822137488634
1960.1616438356164,-0.124019073921208
1960.2465753424658,-0.0483935209201164
1960.3287671232877,-0.0672216616950208
1960.4136986301369,-0.08618954451376
1960.495890410959,-0.1149277851507895
1960.5808219178082,-0.1223694346525532
1960.6657534246576,-0.1401048607946365
1960.7479452054795,-0.173683668568649
1960.8328767123287,-0.1886096292573721
1960.9150684931508,-0.1904565566882565
1961.0,-0.1793286184789472
1961.0849315068492,-0.1463754478737538
1961.1616438356164,-0.1004155614297489
1961.2465753424658,-0.1507020137368269
1961.3287671232877,-0.2093346297513204
1961.4136986301369,-0.2684024157433069
1961.495890410959,-0.3578960225921024
1961.5808219178082,-0.3810700248989538
1961.6657534246576,-0.4362998239149143
1961.7479452054795,-0.5408674159026668
1961.8328767123287,-0.5873482730500594
1961.9150684931508,-0.593099780230525
1962.0,-0.5584463252845595
1962.0849315068492,-0.4558270267752932
1962.1616438356164,-0.3127035816004601
1962.2465753424658,-0.1639610405204346
1962.3287671232877,-0.2277522566548094
1962.4136986301369,-0.2920169297825168
1962.495890410959,-0.3893843407082903
1962.5808219178082,-0.4145972322751519
1962.6657534246576,-0.4746862456190955
1962.7479452054795,-0.5884538772644745
1962.8328767123287,-0.6390242015301933
1962.9150684931508,-0.6452817363732029
1963.0,-0.6075794098436401
1963.0846994535518,-0.495931485945031
1963.1639344262296,-0.3402157897054627
1963.2486338797814,0.2472049581083134
1963.3306010928961,0.3433833237866596
1963.4153005464482,0.4402755231649589
1963.4972677595629,0.5870769014839807
1963.5819672131147,0.6250905160828627
1963.6666666666667,0.7156870503528935
1963.7486338797814,0.8872151312049592
1963.8333333333333,0.9634602858584688
1963.9153005464482,0.9728948053871166
1964.0,0.9160508013435772
1964.0849315068492,0.7477186154619194
1964.1616438356164,0.5129452080504688
1964.2465753424658,-0.2781059878139815
1964.3287671232877,-0.3863068086955399
1964.4136986301369,-0.4953106936733024
1964.495890410959,-0.6604624877242025
1964.5808219178082,-0.7032278671862519
1964.6657534246576,-0.8051491184770562
1964.7479452054795,-0.9981184938821362
1964.8328767123287,-1.0838944193053364
1964.9150684931508,-1.0945082694204111
1965.0,-1.0305586706065235
1965.0849315068492,-0.8411846823429329
1965.1616438356164,-0.5770642096782707
1965.2465753424658,0.4297367593803767
1965.3287671232877,0.5969315418207997
1965.4136986301369,0.765367240233547
1965.495890410959,1.0205641791385824
1965.5808219178082,1.0866463794110404
1965.6657534246576,1.244137804122829
1965.7479452054795,1.5423192086228348
1965.8328767123287,1.674862446954238
1965.9150684931508,1.6912632500755722
1966.0,1.5924466313685457
1966.0849315068492,1.299820914579712
1966.1616438356164,0.891694944689253
1966.2465753424658,-0.0906951704330969
1966.3287671232877,-0.1259813286635979
1966.4136986301369,-0.1615293799789851
1966.495890410959,-0.2153882351101333
1966.5808219178082,-0.2293347646668466
1966.6657534246576,-0.2625730466946213
1966.7479452054795,-0.3255036960067758
1966.8328767123287,-0.3534767081539189
1966.9150684931508,-0.3569380681652752
1967.0,-0.3360829984519503
1967.0846994535518,-0.274324867042533
1967.1639344262296,-0.1881906148767212
1967.2486338797814,-0.1375651801627264
1967.3306010928961,-0.1910867369451804
1967.4153005464482,-0.2450055295367045
1967.4972677595629,-0.3266978961102925
1967.5819672131147,-0.3478517992558774
1967.6666666666667,-0.3982671657369767
1967.7486338797814,-0.4937195042578018
1967.8333333333333,-0.5361485822047308
1967.9153005464482,-0.5413987251979735
1968.0,-0.5097660438906917
1968.0849315068492,-0.4160921643083506
1968.1616438356164,-0.2854449218941329
1968.2465753424658,0.1744829442542824
1968.3287671232877,0.2423678465051912
1968.4136986301369,0.3107565889971245
1968.495890410959,0.4143723777163245
1968.5808219178082,0.4412032610760926
1968.6657534246576,0.5051483783570447
1968.7479452054795,0.6262168423489429
1968.8328767123287,0.6800324258666427
1968.9150684931508,0.6866915267098457
1969.0,0.6465697214490735
1969.0849315068492,0.527756993621334
1969.1616438356164,0.3620485237296759
1969.2465753424658,0.1452921550904208
1969.3287671232877,0.2018199938903156
1969.4136986301369,0.2587673810578322
1969.495890410959,0.3450483714935883
1969.5808219178082,0.3673904799614463
1969.6657534246576,0.4206376551335906
1969.7479452054795,0.5214515090151179
1969.8328767123287,0.5662638093815088
1969.9150684931508,0.5718088505693936
1970.0,0.5383993756354978
1970.0849315068492,0.4394638759392849
1970.1616438356164,0.3014782360809397
1970.2465753424658,-0.3369640701680239
1970.3287671232877,-0.4680644081591582
1970.4136986301369,-0.6001377699553165
1970.495890410959,-0.8002421300101803
1970.5808219178082,-0.8520583330307746
1970.6657534246576,-0.975550099394824
1970.7479452054795,-1.209359326824224
1970.8328767123287,-1.3132887861653268
1970.9150684931508,-1.3261489412559864
1971.0,-1.2486651111834273
1971.0846994535518,-1.019212195153681
1971.1639344262296,-0.6991935210382705
1971.2486338797814,-0.2877727157978879
1971.3306010928961,-0.3997345053350261
1971.4153005464482,-0.5125272727944339
1971.4972677595629,-0.6834196029686052
1971.5819672131147,-0.7276714707067168
1971.6666666666667,-0.8331354181463957
1971.7486338797814,-1.0328122451814383
1971.8333333333333,-1.1215696689360894
1971.9153005464482,-1.1325524474684587
1972.0,-1.0663800149023284
1972.0849315068492,-0.8704235476128057
1972.1616438356164,-0.597122471595087
1972.2465753424658,0.5206239936037139
1972.3287671232877,0.7231796592380554
1972.4136986301369,0.927238688536631
1972.495890410959,1.2364085386554604
1972.5808219178082,1.316466802839268
1972.6657534246576,1.5072668977857977
1972.7479452054795,1.868512218881888
1972.8328767123287,2.029087707385037
1972.9150684931508,2.048957200587454
1973.0,1.9292413477015
1973.0849315068492,1.5747267152427424
1973.1616438356164,1.0802840879838411
1973.2465753424658,-0.5521592208172602
1973.3287671232877,-0.7669840846016052
1973.4136986301369,-0.9834033737671212
1973.495890410959,-1.3113002545085477
1973.5808219178082,-1.3962078064362466
1973.6657534246576,-1.5985650413156798
1973.7479452054795,-1.981691707529465
1973.8328767123287,-2.1519935716455048
1973.9150684931508,-2.1730665994342155
1974.0,-2.0460993200519724
1974.0849315068492,-1.6701110336270788
1974.1616438356164,-1.1457190364078278
1974.2465753424658,-0.2639209427429161
1974.3287671232877,-0.3666028838153934
1974.4136986301369,-0.4700469279803611
1974.495890410959,-0.6267750068117734
1974.5808219178082,-0.6673590997797106
1974.6657534246576,-0.7640817663344449
1974.7479452054795,-0.94720856586055
1974.8328767123287,-1.028609413358588
1974.9150684931508,-1.03868189453931
1975.0,-0.9779941023070856
1975.0846994535518,-0.7982793039801145
1975.1639344262296,-0.5476305326563283
1975.2486338797814,-0.4607223942578214
1975.3306010928961,-0.6399725486649863
1975.4153005464482,-0.8205530937482164
1975.4972677595629,-1.0941506907262415
1975.5819672131147,-1.1649976659099566
1975.6666666666667,-1.333844814040622
1975.7486338797814,-1.6535262180761638
1975.8333333333333,-1.7956263218577853
1975.9153005464482,-1.81320968450218
1976.0,-1.7072680163311644
1976.0849315068492,-1.393542885963555
1976.1616438356164,-0.9559895003098678
1976.2465753424658,0.1875471522559713
1976.3287671232877,0.2605148577973136
1976.4136986301369,0.3340241280331307
1976.495890410959,0.4453980287091872
1976.5808219178082,0.4742378433291375
1976.6657534246576,0.5429707770721578
1976.7479452054795,0.6731041018319377
1976.8328767123287,0.7309490647242937
1976.9150684931508,0.7381067580166992
1977.0,0.6949808791396194
1977.0849315068492,0.5672721861720003
1977.1616438356164,0.3891564868656935
1977.2465753424658,0.1934761485271394
1977.3287671232877,0.2687506086572149
1977.4136986301369,0.3445837541632338
1977.495890410959,0.4594785584300446
1977.5808219178082,0.4892300965887746
1977.6657534246576,0.5601359095409263
1977.7479452054795,0.6943831863814202
1977.8328767123287,0.754056823104166
1977.9150684931508,0.761440795155435
1978.0,0.7169515621992482
1978.0849315068492,0.5852055679167718
1978.1616438356164,0.4014590322883958
1978.2465753424658,-0.0791620252983045
1978.3287671232877,-0.1099610605411287
1978.4136986301369,-0.1409886855414031
1978.495890410959,-0.1879986424340338
1978.5808219178082,-0.200171677892482
1978.6657534246576,-0.2291832527116268
1978.7479452054795,-0.2841113997022361
1978.8328767123287,-0.3085272565189497
1978.9150684931508,-0.3115484567380688
1979.0,-0.2933453975414165
1979.0846994535518,-0.2394406665875814
1979.1639344262296,-0.1642595757264051
1979.2486338797814,0.1452047786248285
1979.3306010928961,0.2016986224526008
1979.4153005464482,0.2586117623380647
1979.4972677595629,0.3448408647142942
1979.5819672131147,0.3671695369820312
1979.6666666666667,0.4203846901226596
1979.7486338797814,0.5211379161042881
1979.8333333333333,0.5659232670430333
1979.9153005464482,0.5714649735285025
1980.0,0.5380755905385606
1980.0849315068492,0.4391995891289529
1980.1616438356164,0.3012969317104086
1980.2465753424658,0.0144965466682693
1980.3287671232877,0.0201366203027274
1980.4136986301369,0.0258185544387868
1980.495890410959,0.0344272532612252
1980.5808219178082,0.0366564405003454
1980.6657534246576,0.0419691854269804
1980.7479452054795,0.0520279028896825
1980.8328767123287,0.0564990569115194
1980.9150684931508,0.0570523142316247
1981.0,0.0537188788356105
1981.0849315068492,0.0438475744447979
1981.1616438356164,0.0300800364348301
1981.2465753424658,-0.0334745445207871
1981.3287671232877,-0.0464982597750164
1981.4136986301369,-0.0596186367554196
1981.495890410959,-0.0794973208718599
1981.5808219178082,-0.0846448245628206
1981.6657534246576,-0.0969126922587525
1981.7479452054795,-0.1201396712926109
1981.8328767123287,-0.1304641884199127
1981.9150684931508,-0.1317417365986009
1982.0,-0.1240443701757902
1982.0849315068492,-0.1012501540172774
1982.1616438356164,-0.069458991983836
1982.2465753424658,0.5133004586931623
1982.3287671232877,0.7130068059963701
1982.4136986301369,0.9141953693862636
1982.495890410959,1.219016176398258
1982.5808219178082,1.2979482737134007
1982.6657534246576,1.4860644140718888
1982.7479452054795,1.842228154693733
1982.8328767123287,2.0005448533403256
1982.9150684931508,2.0201348455421924
1983.0,1.9021030165174675
1983.0846994535518,1.552575285006439
1983.1639344262296,1.065087903541975
1983.2486338797814,-0.1548551385095059
1983.3306010928961,-0.2151035827668921
1983.4153005464482,-0.2757991896432034
1983.4972677595629,-0.3677591080321299
1983.5819672131147,-0.391571751593177
1983.6666666666667,-0.4483236022446508
1983.7486338797814,-0.5557729225247812
1983.8333333333333,-0.6035347234000478
1983.9153005464482,-0.6094447336181248
1984.0,-0.5738362806689717
1984.0849315068492,-0.4683889459561677
1984.1616438356164,-0.3213212301576867
1984.2465753424658,-0.2593446376739691
1984.3287671232877,-0.3602461065999937
1984.4136986301369,-0.4618964639936708
1984.495890410959,-0.6159069278675571
1984.5808219178082,-0.6557873055924462
1984.6657534246576,-0.7508328319223986
1984.7479452054795,-0.9307842710840644
1984.8328767123287,-1.010773653818638
1984.9150684931508,-1.020671481384512
1985.0,-0.9610359961360728
1985.0849315068492,-0.7844373951597211
1985.1616438356164,-0.5381347936806363
1985.2465753424658,-0.1328040885689003
1985.3287671232877,-0.1844732795580337
1985.4136986301369,-0.2365259581383444
1985.495890410959,-0.3153909752379363
1985.5808219178082,-0.3358127478376671
1985.6657534246576,-0.3844832528845801
1985.7479452054795,-0.4766320132324623
1985.8328767123287,-0.5175926329103152
1985.9150684931508,-0.5226610699541168
1986.0,-0.4921231867118985
1986.0849315068492,-0.4016913333466059
1986.1616438356164,-0.2755657546766518
1986.2465753424658,0.2746348823282925
1986.3287671232877,0.3814852236107952
1986.4136986301369,0.4891286057598275
1986.495890410959,0.6522191018760535
1986.5808219178082,0.6944507166952949
1986.6657534246576,0.795099865154928
1986.7479452054795,0.985660744925651
1986.8328767123287,1.0703660810831657
1986.9150684931508,1.080847457267534
1987.0,1.017696028262917
1987.0846994535518,0.8306856607709446
1987.1639344262296,0.5698617371261556
1987.2486338797814,0.3702229999348911
1987.3306010928961,0.5142631654022471
1987.4153005464482,0.6593723937875707
1987.4972677595629,0.8792273962589688
1987.5819672131147,0.9361579470976804
1987.6666666666667,1.0718385619114776
1987.7486338797814,1.32872515978587
1987.8333333333333,1.4429126344317222
1987.9153005464482,1.457042108814311
1988.0,1.3719104922547058
1988.0849315068492,1.1198101811622427
1988.1616438356164,0.7682051168385731
1988.2465753424658,-0.5379668384781121
1988.3287671232877,-0.747269967791972
1988.4136986301369,-0.9581265402960558
1988.495890410959,-1.2775953486195144
1988.5808219178082,-1.3603204857744324
1988.6657534246576,-1.557476446930227
1988.7479452054795,-1.930755446155528
1988.8328767123287,-2.0966799693208413
1988.9150684931508,-2.117211348150076
1989.0,-1.9935075625312568
1989.0849315068492,-1.627183462295421
1989.1616438356164,-1.1162701347053936
1989.2465753424658,-0.0851916052358448
1989.3287671232877,-0.1183365284760508
1989.4136986301369,-0.1517274526024681
1989.495890410959,-0.2023180441728539
1989.5808219178082,-0.2154182702899877
1989.6657534246576,-0.2466395865707335
1989.7479452054795,-0.305751477621109
1989.8328767123287,-0.3320270311783387
1989.9150684931508,-0.3352783489084721
1990.0,-0.3156888067344022
1990.0849315068492,-0.2576782828442069
1990.1616438356164,-0.1767708301898508
1990.2465753424658,0.0542739177602548
1990.3287671232877,0.0753899048710599
1990.4136986301369,0.0966626143705349
1990.495890410959,0.1288928980790342
1990.5808219178082,0.1372387978065218
1990.6657534246576,0.1571292922689401
1990.7479452054795,0.1947883304410644
1990.8328767123287,0.2115279754908589
1990.9150684931508,0.2135993268946645
1991.0,0.2011192098928408
1991.0846994535518,0.1641618313561934
1991.1639344262296,0.1126172640317755
1991.2486338797814,0.4086280995872366
1991.3306010928961,0.5676102781377533
1991.4153005464482,0.7277724188964123
1991.4972677595629,0.970434089998516
1991.5819672131147,1.0332703341048204
1991.6666666666667,1.1830257836364275
1991.7486338797814,1.466560524366486
1991.8333333333333,1.592593241862174
1991.9153005464482,1.608188437909257
1992.0,1.5142256892532884
1992.0849315068492,1.2359737409810825
1992.1616438356164,0.8478949093982346
1992.2465753424658,0.1067974297490942
1992.3287671232877,0.1483483854035327
1992.4136986301369,0.1902077313305882
1992.495890410959,0.2536288293865041
1992.5808219178082,0.2700514625153042
1992.6657534246576,0.3091909566348991
1992.7479452054795,0.3832944790924424
1992.8328767123287,0.4162338934558436
1992.9150684931508,0.4203097924357329
1993.0,0.3957520587440114
1993.0849315068492,0.3230292261043402
1993.1616438356164,0.2216024720584364
1993.2465753424658,0.1794973739272984
1993.3287671232877,0.249333206509258
1993.4136986301369,0.3196873590939512
1993.495890410959,0.4262809407875138
1993.5808219178082,0.4538829114202957
1993.6657534246576,0.5196657343572849
1993.7479452054795,0.6442135601911216
1993.8328767123287,0.6995757387643734
1993.9150684931508,0.7064262141456807
1994.0,0.665151356523863
1994.0849315068492,0.5429240939947653
1994.1616438356164,0.3724533622554171
1994.2465753424658,0.2756845854491476
1994.3287671232877,0.3829433276447382
1994.4136986301369,0.4909981418493903
1994.495890410959,0.6547119987029838
1994.5808219178082,0.6971050302275567
1994.6657534246576,0.7981388775439184
1994.7479452054795,0.9894281147196162
1994.8328767123287,1.0744572096617535
1994.9150684931508,1.084978647520729
1995.0,1.021585842578902
1995.0846994535518,0.8338606883681983
1995.1639344262296,0.5720398495306905
1995.2486338797814,-0.1993371140817486
1995.3306010928961,-0.2768918605485262
1995.4153005464482,-0.3550222166259356
1995.4972677595629,-0.4733975247963938
1995.5819672131147,-0.5040503251606844
1995.6666666666667,-0.577104085187955
1995.7486338797814,-0.7154181096423122
1995.8333333333333,-0.7768994375560021
1995.9153005464482,-0.7845070919897152
1996.0,-0.7386701484041192
1996.0849315068492,-0.6029331777644769
1996.1616438356164,-0.4136204153722596
1996.2465753424658,-0.0958686733103876
1996.3287671232877,-0.1331676514105937
1996.4136986301369,-0.1707434617001801
1996.495890410959,-0.2276745746004906
1996.5808219178082,-0.2424166527012479
1996.6657534246576,-0.2775509380871478
1996.7479452054795,-0.3440713253504138
1996.8328767123287,-0.3736399953273913
1996.9150684931508,-0.3772988008685655
1997.0,-0.3552541004102652
1997.0849315068492,-0.289973114707538
1997.1616438356164,-0.1989255270324024
1997.2465753424658,0.6815943547625826
1997.3287671232877,0.9467776730839292
1997.4136986301369,1.2139291761207065
1997.495890410959,1.6186904377850873
1997.5808219178082,1.7235017057830615
1997.6657534246576,1.9732947794820608
1997.7479452054795,2.446232589818382
1997.8328767123287,2.6564559906251817
1997.9150684931508,2.6824688800907976
1998.0,2.525738398005556
1998.0849315068492,2.0616123201964185
1998.1616438356164,1.4142942794720603
1998.2465753424658,-0.4385121632179266
1998.3287671232877,-0.609121132840199
1998.4136986301369,-0.7809963584564437
1998.495890410959,-1.0414045252774415
1998.5808219178082,-1.1088361516373972
1998.6657534246576,-1.269543616919673
1998.7479452054795,-1.5738140100486904
1998.8328767123287,-1.7090638365806743
1998.9150684931508,-1.7257995509412922
1999.0,-1.6249650556712607
1999.0846994535518,-1.3263637997133386
1999.1639344262296,-0.9099037273189552
1999.2486338797814,-0.4391590470786911
1999.3306010928961,-0.6100196954415038
1999.4153005464482,-0.782148467752327
1999.4972677595629,-1.0429407831887056
1999.5819672131147,-1.1104718832564766
1999.6666666666667,-1.2714164207896852
1999.7486338797814,-1.5761356671618585
1999.8333333333333,-1.711585011374977
1999.9153005464482,-1.7283454139071586
2000.0,-1.627362169724167
2000.0849315068492,-1.3283204235142396
2000.1616438356164,-0.9112459980366764
2000.2465753424658,-0.2503409945235954
2000.3287671232877,-0.3477394767377815
2000.4136986301369,-0.4458608483298273
2000.495890410959,-0.5945245455592179
2000.5808219178082,-0.6330203999989624
2000.6657534246576,-0.7247662398199145
2000.7479452054795,-0.8984703219622125
2000.8328767123287,-0.9756827208947684
2000.9150684931508,-0.9852369265212558
2001.0,-0.9276718007492726
2001.0849315068492,-0.757204156627503
2001.1616438356164,-0.5194524191671076
2001.2465753424658,0.0133195160534271
2001.3287671232877,0.018501650325523
2001.4136986301369,0.0237222462834149
2001.495890410959,0.0316319715985873
2001.5808219178082,0.0336801625158453
2001.6657534246576,0.0385615451621667
2001.7479452054795,0.0478035565037095
2001.8328767123287,0.0519116802613183
2001.9150684931508,0.0524200164827267
2002.0,0.049357235581434
2002.0849315068492,0.0402874205206178
2002.1616438356164,0.0276377220968327
2002.2465753424658,0.4558476081067029
2002.3287671232877,0.6332011623459999
2002.4136986301369,0.811871030736921
2002.495890410959,1.082573761319584
2002.5808219178082,1.1526711227276747
2002.6657534246576,1.319731742246704
2002.7479452054795,1.6360306788776104
2002.8328767123287,1.7766272577022932
2002.9150684931508,1.794024575271004
2003.0,1.6892038488715695
2003.0846994535518,1.3787981640960016
2003.1639344262296,0.9458744192224108
2003.2486338797814,0.111551091203862
2003.3306010928961,0.1549515218575333
2003.4153005464482,0.1986740695463046
2003.4972677595629,0.2649181047267913
2003.5819672131147,0.2820717258416655
2003.6666666666667,0.3229533583721991
2003.7486338797814,0.4003553034528011
2003.8333333333333,0.4347608844156215
2003.9153005464482,0.4390182057754289
2004.0,0.4133673825557942
2004.0849315068492,0.337407583191241
2004.1616438356164,0.2314662218900598
2004.2465753424658,0.2864007727939032
2004.3287671232877,0.3978287897201001
2004.4136986301369,0.5100838229200699
2004.495890410959,0.6801614318786908
2004.5808219178082,0.7242023309007856
2004.6657534246576,0.8291634838887344
2004.7479452054795,1.0278883609616376
2004.8328767123287,1.1162226378372169
2004.9150684931508,1.12715305648505
2005.0,1.061296097905618
2005.0849315068492,0.8662738439366251
2005.1616438356164,0.5942757180550388
2005.2465753424658,-0.0675824269353669
2005.3287671232877,-0.0938762659463623
2005.4136986301369,-0.1203652572481541
2005.495890410959,-0.1604987298944004
2005.5808219178082,-0.17089112797103
2005.6657534246576,-0.1956589712406586
2005.7479452054795,-0.2425523834127125
2005.8328767123287,-0.2633967573806846
2005.9150684931508,-0.2659760249309567
2006.0,-0.250435658024954
2006.0849315068492,-0.2044159594708773
2006.1616438356164,-0.1402321470822943
2006.2465753424658,0.2424069881196912
2006.3287671232877,0.3367186399763944
2006.4136986301369,0.4317302708244097
2006.495890410959,0.5756823996265411
2006.5808219178082,0.612958212753316
2006.6657534246576,0.7017963702665572
2006.7479452054795,0.8699952841373783
2006.8328767123287,0.9447606061588694
2006.9150684931508,0.9540120122827462
2007.0,0.898271286375378
2007.0846994535518,0.7332062387508157
2007.1639344262296,0.5029895189216311
2007.2486338797814,-0.3613795051550755
2007.3306010928961,-0.5019789917569415
2007.4153005464482,-0.6436220046344376
2007.4972677595629,-0.8582253437380437
2007.5819672131147,-0.91379599789491
2007.6666666666667,-1.0462356179324803
2007.7486338797814,-1.2969859809222055
2007.8333333333333,-1.4084458661526822
2007.9153005464482,-1.4222378306210683
2008.0,-1.3391397479228777
2008.0849315068492,-1.093061341967395
2008.1616438356164,-0.749855046902928
